tripadvisor_name,amadeus_name,tripadvisor_url,amadeus_code
The Blakely New York,Blakely New York,/Hotel_Review-g60763-d93445-Reviews-The_Blakely_New_York-New_York_City_New_York.html,WVNYCBLA
Gansevoort Park Avenue NYC,Gansevoort Park Avenue Nyc,/Hotel_Review-g60763-d1456411-Reviews-Gansevoort_Park_Avenue_NYC-New_York_City_New_York.html,GVNYC042
Fairfield Inn & Suites New York Manhattan/Chelsea,Fairfield Inn N Stes Marriott,/Hotel_Review-g60763-d1949647-Reviews-Fairfield_Inn_Suites_New_York_Manhattan_Chelsea-New_York_City_New_York.html,FNNYCTWF
Park Lane Hotel,Park Lane Hotel New York Con,/Hotel_Review-g60763-d93579-Reviews-Park_Lane_Hotel-New_York_City_New_York.html,PHNYCHPL
Candlewood Suites New York City Times Square,Candlewood Suites Time Square,/Hotel_Review-g60763-d1025779-Reviews-Candlewood_Suites_New_York_City_Times_Square-New_York_City_New_York.html,YONYC73E
Hilton Garden Inn New York/Central Park South-Midtown West,Hilton Garden Inn Central Park South,/Hotel_Review-g60763-d5786212-Reviews-Hilton_Garden_Inn_New_York_Central_Park_South_Midtown_West-New_York_City_New_York.html,GINYC483
The Bowery Hotel,The Bowery Hotel,/Hotel_Review-g60763-d634696-Reviews-The_Bowery_Hotel-New_York_City_New_York.html,PWNYC383
Gramercy Park Hotel,Gramercy Park Hotel,/Hotel_Review-g60763-d571166-Reviews-Gramercy_Park_Hotel-New_York_City_New_York.html,DSNYCGPH
Hotel Mimosa,Hotel Mimosa,/Hotel_Review-g60763-d1448670-Reviews-Hotel_Mimosa-New_York_City_New_York.html,GDNYCMIM
The Roger,The Roger,/Hotel_Review-g60763-d80110-Reviews-The_Roger-New_York_City_New_York.html,YXNYCROG
The Whitby Hotel,The Whitby Hotel,/Hotel_Review-g60763-d10846801-Reviews-The_Whitby_Hotel-New_York_City_New_York.html,DSNYCWHE
Comfort Inn Times Square West,Comfort Inn Times Square West,/Hotel_Review-g60763-d1485603-Reviews-Comfort_Inn_Times_Square_West-New_York_City_New_York.html,CIJFK464
TRYP New York City Times Square South,Tryp By Wyndham Times Sq South,/Hotel_Review-g60763-d2253206-Reviews-TRYP_New_York_City_Times_Square_South-New_York_City_New_York.html,WTNYCTMS
Mondrian Park Avenue,Mondrian Park Avenue,/Hotel_Review-g60763-d12845266-Reviews-Mondrian_Park_Avenue-New_York_City_New_York.html,MRNYCSPA
Best Western Plus Hospitality House,Best Western Plus Hospitality,/Hotel_Review-g60763-d80087-Reviews-Best_Western_Plus_Hospitality_House-New_York_City_New_York.html,BWNYC114
Walker Hotel Greenwich Village,Walker Hotel Greenwich Village,/Hotel_Review-g60763-d3522780-Reviews-Walker_Hotel_Greenwich_Village-New_York_City_New_York.html,YXNYC467
The Manhattan Club,The Manhattan Club,/Hotel_Review-g60763-d99321-Reviews-The_Manhattan_Club-New_York_City_New_York.html,XTNYC720
Hilton Garden Inn New York/Manhattan-Chelsea,Hgi New York Manhattan Chelsea,/Hotel_Review-g60763-d641209-Reviews-Hilton_Garden_Inn_New_York_Manhattan_Chelsea-New_York_City_New_York.html,GILGA212
Dream Midtown,Dream Midtown,/Hotel_Review-g60763-d75688-Reviews-Dream_Midtown-New_York_City_New_York.html,DZNYCDNY
Four Points by Sheraton Manhattan SoHo Village,Four Points Soho Village,/Hotel_Review-g60763-d1157456-Reviews-Four_Points_by_Sheraton_Manhattan_SoHo_Village-New_York_City_New_York.html,SINYC537
The Marmara Manhattan,Marmara Manhattan Hotel,/Hotel_Review-g60763-d121998-Reviews-The_Marmara_Manhattan-New_York_City_New_York.html,YXNYC506
AKA Wall Street,Aka Wall Street,/Hotel_Review-g60763-d10039979-Reviews-AKA_Wall_Street-New_York_City_New_York.html,PHNYCWSH
Gansevoort Meatpacking NYC,Gansevoort Meatpacking Nyc,/Hotel_Review-g60763-d287626-Reviews-Gansevoort_Meatpacking_NYC-New_York_City_New_York.html,GVNYC707
The James New York-NoMad,James Nomad Formerly Carlton,/Hotel_Review-g60763-d12197432-Reviews-The_James_New_York_NoMad-New_York_City_New_York.html,NYNYCTJN
Life Hotel,Life Hotel Nomad- 5th Ave,/Hotel_Review-g60763-d93452-Reviews-Life_Hotel-New_York_City_New_York.html,LVNYCCLI
Broadway at Times Square Hotel,Broadway At Times Square Hotel,/Hotel_Review-g60763-d112021-Reviews-Broadway_at_Times_Square_Hotel-New_York_City_New_York.html,IQNYC041
"Club Quarters Hotel, Midtown","Club Quarters, Midtown",/Hotel_Review-g60763-d223021-Reviews-Club_Quarters_Hotel_Midtown-New_York_City_New_York.html,CQNYC558
Hilton Garden Inn New York/Manhattan-Midtown East,Hilton Garden Inn Newyork Manhattan,/Hotel_Review-g60763-d5960548-Reviews-Hilton_Garden_Inn_New_York_Manhattan_Midtown_East-New_York_City_New_York.html,GILGA963
Wingate by Wyndham Manhattan Midtown,Wingate By Wyndham Manhattan M,/Hotel_Review-g60763-d620040-Reviews-Wingate_by_Wyndham_Manhattan_Midtown-New_York_City_New_York.html,WGLGA451
La Quinta Inn & Suites New York City Central Park,La Quinta Inn Ste New York City Central,/Hotel_Review-g60763-d99447-Reviews-La_Quinta_Inn_Suites_New_York_City_Central_Park-New_York_City_New_York.html,LQNYC871
The Plaza,The Plaza,/Hotel_Review-g60763-d675616-Reviews-The_Plaza-New_York_City_New_York.html,FANYC100
The Marlton Hotel,The Marlton Hotel,/Hotel_Review-g60763-d4972409-Reviews-The_Marlton_Hotel-New_York_City_New_York.html,IQNYCUSM
The Gallivant Times Square,The Gallivant Times Square,/Hotel_Review-g60763-d75711-Reviews-The_Gallivant_Times_Square-New_York_City_New_York.html,YXNYC084
Element New York Times Square West,Element Times Square,/Hotel_Review-g60763-d1852917-Reviews-Element_New_York_Times_Square_West-New_York_City_New_York.html,ELNYC361
"The Pierre, A Taj Hotel, New York",The Pierre - A Taj Hotel,/Hotel_Review-g60763-d93603-Reviews-The_Pierre_A_Taj_Hotel_New_York-New_York_City_New_York.html,TJNYC709
Doubletree Hotel Chelsea - New York City,Doubletree By Hilton Nyc Chelsea,/Hotel_Review-g60763-d1214829-Reviews-Doubletree_Hotel_Chelsea_New_York_City-New_York_City_New_York.html,DTLGA100
The High Line Hotel,The High Line Hotel,/Hotel_Review-g60763-d4283443-Reviews-The_High_Line_Hotel-New_York_City_New_York.html,YXNYC575
Stewart Hotel,Stewart Hotel,/Hotel_Review-g60763-d93562-Reviews-Stewart_Hotel-New_York_City_New_York.html,XTNYC600
Four Points by Sheraton Midtown - Times Square,Four Points Midtown Times Sqre,/Hotel_Review-g60763-d1464151-Reviews-Four_Points_by_Sheraton_Midtown_Times_Square-New_York_City_New_York.html,SINYC713
Flatiron Hotel,Flatiron Hotel,/Hotel_Review-g60763-d1563892-Reviews-Flatiron_Hotel-New_York_City_New_York.html,YXNYCTFH
W New York,W Hotel New York,/Hotel_Review-g60763-d112066-Reviews-W_New_York-New_York_City_New_York.html,WHNYC502
6 Columbus - A SIXTY Hotel,6 Columbus A Sixty Hotel,/Hotel_Review-g60763-d93383-Reviews-6_Columbus_A_SIXTY_Hotel-New_York_City_New_York.html,SKNYCWPK
Washington Square Hotel,Washington Square Hotel,/Hotel_Review-g60763-d93382-Reviews-Washington_Square_Hotel-New_York_City_New_York.html,YXNYCWAS
Renaissance New York Hotel 57,Renaissance New York Hotel 57,/Hotel_Review-g60763-d575732-Reviews-Renaissance_New_York_Hotel_57-New_York_City_New_York.html,BRNYCBRB
Hilton Garden Inn New York Times Square South,Hilton Gi New York Times Square South,/Hotel_Review-g60763-d12199886-Reviews-Hilton_Garden_Inn_New_York_Times_Square_South-New_York_City_New_York.html,GINYC302
Fairfield Inn & Suites New York Manhattan/Fifth Avenue,Fairfield Inn Marriott 5th Ave,/Hotel_Review-g60763-d1486164-Reviews-Fairfield_Inn_Suites_New_York_Manhattan_Fifth_Avenue-New_York_City_New_York.html,FNNYCTMF
The Surrey,The Surrey,/Hotel_Review-g60763-d93566-Reviews-The_Surrey-New_York_City_New_York.html,WBNYC700
Hotel Boutique At Grand Central,Hotel Boutique Grand Central,/Hotel_Review-g60763-d4446427-Reviews-Hotel_Boutique_At_Grand_Central-New_York_City_New_York.html,YXNYCBGR
Comfort Inn Midtown West,Comfort Inn Midtown West,/Hotel_Review-g60763-d3502291-Reviews-Comfort_Inn_Midtown_West-New_York_City_New_York.html,CINYC548
Courtyard by Marriott New York Manhattan/Central Park,Courtyard Central Prk Marriott,/Hotel_Review-g60763-d5039852-Reviews-Courtyard_by_Marriott_New_York_Manhattan_Central_Park-New_York_City_New_York.html,CYNYCPKC
Hotel Hugo,Hotel Hugo,/Hotel_Review-g60763-d6219365-Reviews-Hotel_Hugo-New_York_City_New_York.html,XTNYCHGO
The Hotel at Times Square,The Hotel At Times Square,/Hotel_Review-g60763-d249711-Reviews-The_Hotel_at_Times_Square-New_York_City_New_York.html,IQNYC017
The Hotel 91,Hotel 91,/Hotel_Review-g60763-d1048678-Reviews-The_Hotel_91-New_York_City_New_York.html,WVNYC836
Courtyard New York Manhattan/Midtown East,Courtyard Midtown E Marriott,/Hotel_Review-g60763-d99371-Reviews-Courtyard_New_York_Manhattan_Midtown_East-New_York_City_New_York.html,CYNYCMEC
Holiday Inn New York City - Times Square,Holiday Inn Nyc Times Sqr,/Hotel_Review-g60763-d7737096-Reviews-Holiday_Inn_New_York_City_Times_Square-New_York_City_New_York.html,HINYCD35
HGU New York,Hgu New York,/Hotel_Review-g60763-d122015-Reviews-HGU_New_York-New_York_City_New_York.html,WVNYC208
Hyatt Herald Square New York,Hyatt Herald Square New York,/Hotel_Review-g60763-d1940859-Reviews-Hyatt_Herald_Square_New_York-New_York_City_New_York.html,HYNYCHHH
Fairfield Inn & Suites New York Manhattan/Times Square,Fairfield Inn N Stes Marriott,/Hotel_Review-g60763-d1390172-Reviews-Fairfield_Inn_Suites_New_York_Manhattan_Times_Square-New_York_City_New_York.html,FNNYCFIF
Staybridge Suites Times Square - New York City,Staybridge Stes Time Square Ma,/Hotel_Review-g60763-d1465162-Reviews-Staybridge_Suites_Times_Square_New_York_City-New_York_City_New_York.html,YZNYC930
Hampton Inn Manhattan-Times Square North,Hampton Inn Manhattan Times Sq North,/Hotel_Review-g60763-d93457-Reviews-Hampton_Inn_Manhattan_Times_Square_North-New_York_City_New_York.html,HXNYC851
Hyatt House New York/Chelsea,Hyatt House New York Chelsea,/Hotel_Review-g60763-d10390915-Reviews-Hyatt_House_New_York_Chelsea-New_York_City_New_York.html,HYNYCNHR
Courtyard New York Manhattan/Times Square,Courtyard Times Sq Marriott,/Hotel_Review-g60763-d99368-Reviews-Courtyard_New_York_Manhattan_Times_Square-New_York_City_New_York.html,CYNYCMDC
Heritage Hotel New York City,Heritage Hotel New York City,/Hotel_Review-g60763-d93401-Reviews-Heritage_Hotel_New_York_City-New_York_City_New_York.html,YXNYC329
Broadway Plaza Hotel,Broadway Plaza Hotel,/Hotel_Review-g60763-d223019-Reviews-Broadway_Plaza_Hotel-New_York_City_New_York.html,GDNYCBRO
Hotel 32 32,Hotel 32 32,/Hotel_Review-g60763-d6733290-Reviews-Hotel_32_32-New_York_City_New_York.html,GDNYCH32
Holiday Inn NYC - Lower East Side,Holiday Inn Manhattan East,/Hotel_Review-g60763-d3236642-Reviews-Holiday_Inn_NYC_Lower_East_Side-New_York_City_New_York.html,HINYCE8C
Hotel Giraffe by Library Hotel Collection,Hotel Giraffe By Library Hotel,/Hotel_Review-g60763-d99762-Reviews-Hotel_Giraffe_by_Library_Hotel_Collection-New_York_City_New_York.html,XTNYCGIR
Hotel Metro,Hotel Metro,/Hotel_Review-g60763-d99392-Reviews-Hotel_Metro-New_York_City_New_York.html,WVNYCMET
Fitzpatrick Grand Central Hotel,Fitzpatrick Grand Centralhotel,/Hotel_Review-g60763-d99327-Reviews-Fitzpatrick_Grand_Central_Hotel-New_York_City_New_York.html,YXNYCFIT
The Evelyn,The Evelyn,/Hotel_Review-g60763-d99389-Reviews-The_Evelyn-New_York_City_New_York.html,BTNYCGER
Hotel Belleclaire,Hotel Belleclair,/Hotel_Review-g60763-d93390-Reviews-Hotel_Belleclaire-New_York_City_New_York.html,BTNYCBLC
The Sherry-Netherland Hotel,The Sherry Netherland Lvx,/Hotel_Review-g60763-d93559-Reviews-The_Sherry_Netherland_Hotel-New_York_City_New_York.html,PHNYCSNH
Pod 39 Hotel,Pod 39 Hotel,/Hotel_Review-g60763-d3235844-Reviews-Pod_39_Hotel-New_York_City_New_York.html,OKNYCP39
Hotel Americano,Hotel Americano,/Hotel_Review-g60763-d2151571-Reviews-Hotel_Americano-New_York_City_New_York.html,DSNYCHAM
The Benjamin,The Benjamin,/Hotel_Review-g60763-d217626-Reviews-The_Benjamin-New_York_City_New_York.html,NYNYC105
"Hotel Henri, A Wyndham Hotel","Hotel Henri, A Wyndham Hotel",/Hotel_Review-g60763-d12076837-Reviews-Hotel_Henri_A_Wyndham_Hotel-New_York_City_New_York.html,WYNYC998
Night Times Square,Night Hotel Times Square,/Hotel_Review-g60763-d93376-Reviews-Night_Times_Square-New_York_City_New_York.html,DZNYCSHN
Crosby Street Hotel,Crosby Street Hotel,/Hotel_Review-g60763-d1572980-Reviews-Crosby_Street_Hotel-New_York_City_New_York.html,DSNYCCSH
Off Soho Suites,Off Soho Suites Hotel,/Hotel_Review-g60763-d93374-Reviews-Off_Soho_Suites-New_York_City_New_York.html,UINYCOSG
Best Western Premier Herald Square,Best Western Premier Herald Sq,/Hotel_Review-g60763-d3973287-Reviews-Best_Western_Premier_Herald_Square-New_York_City_New_York.html,BWNYC152
Ace Hotel New York,Ace Hotel Nyc,/Hotel_Review-g60763-d1201072-Reviews-Ace_Hotel_New_York-New_York_City_New_York.html,YXNYCAHN
Hampton Inn Manhattan Grand Central,Hampton Inn Manhattan Grand Central,/Hotel_Review-g60763-d3572587-Reviews-Hampton_Inn_Manhattan_Grand_Central-New_York_City_New_York.html,HXNYC897
The Inn at Irving Place,The Inn At Irving Place,/Hotel_Review-g60763-d93581-Reviews-The_Inn_at_Irving_Place-New_York_City_New_York.html,UILGAIIP
Ameritania Hotel,Ameritania Hotel,/Hotel_Review-g60763-d99332-Reviews-Ameritania_Hotel-New_York_City_New_York.html,WWNYCAME
Moxy NYC Times Square,Moxy By Marriott Nyc Times Sq,/Hotel_Review-g60763-d12301470-Reviews-Moxy_NYC_Times_Square-New_York_City_New_York.html,OXNYCOXO
Econo Lodge Times Square,Econo Lodge Times Square,/Hotel_Review-g60763-d93359-Reviews-Econo_Lodge_Times_Square-New_York_City_New_York.html,EONYC318
Hampton Inn Manhattan/Times Square South,Hampton Inn Manhattan Times Sq South,/Hotel_Review-g60763-d1500405-Reviews-Hampton_Inn_Manhattan_Times_Square_South-New_York_City_New_York.html,HXNYC337
La Quinta Inn & Suites Manhattan,La Quinta Inn Ste Manhattan,/Hotel_Review-g60763-d99774-Reviews-La_Quinta_Inn_Suites_Manhattan-New_York_City_New_York.html,LQNYC751
Comfort Inn Times Square South,Comfort Inn Times Square South Area,/Hotel_Review-g60763-d673077-Reviews-Comfort_Inn_Times_Square_South-New_York_City_New_York.html,CINYC325
Hyatt Place New York Midtown South,Hyatt Place New York Midtown South,/Hotel_Review-g60763-d2554351-Reviews-Hyatt_Place_New_York_Midtown_South-New_York_City_New_York.html,HYNYCSIM
Crowne Plaza HY36 Midtown Manhattan,Crowne Plaza Midtown Manhattan,/Hotel_Review-g60763-d11854022-Reviews-Crowne_Plaza_HY36_Midtown_Manhattan-New_York_City_New_York.html,CPNYC0DD
Hotel Elysee by Library Hotel Collection,Hotel Elysee By Library Hotel,/Hotel_Review-g60763-d93340-Reviews-Hotel_Elysee_by_Library_Hotel_Collection-New_York_City_New_York.html,XTNYC801
"The Beekman, A Thompson Hotel","The Beekman, A Thompson Hotel",/Hotel_Review-g60763-d8615610-Reviews-The_Beekman_A_Thompson_Hotel-New_York_City_New_York.html,TMNYCBEE
Four Seasons Hotel New York Downtown,Four Seasons New York Downtown,/Hotel_Review-g60763-d10330604-Reviews-Four_Seasons_Hotel_New_York_Downtown-New_York_City_New_York.html,FSNYC009
The French Quarters Guest Apartments,French Quarters Guest Apt,/Hotel_Review-g60763-d1415127-Reviews-The_French_Quarters_Guest_Apartments-New_York_City_New_York.html,HONYCFQG
1 Hotel Central Park,1 Hotel Central Park,/Hotel_Review-g60763-d6883205-Reviews-1_Hotel_Central_Park-New_York_City_New_York.html,BINYCHOT
Park Hyatt New York,Park Hyatt New York,/Hotel_Review-g60763-d6582176-Reviews-Park_Hyatt_New_York-New_York_City_New_York.html,HYNYCPNY
EVEN Hotel New York - Midtown East,Even Hotel Midtown East,/Hotel_Review-g60763-d10131859-Reviews-EVEN_Hotel_New_York_Midtown_East-New_York_City_New_York.html,VNNYC5D0
"The Ritz-Carlton New York, Central Park",The Ritz-carlton Central Park,/Hotel_Review-g60763-d224224-Reviews-The_Ritz_Carlton_New_York_Central_Park-New_York_City_New_York.html,RZNYCCPZ
The Lex NYC,The Lex Nyc,/Hotel_Review-g60763-d6201200-Reviews-The_Lex_NYC-New_York_City_New_York.html,PWNYC087
Residence Inn New York Manhattan / Midtown East,Residence Inn Midtown Marriott,/Hotel_Review-g60763-d3583686-Reviews-Residence_Inn_New_York_Manhattan_Midtown_East-New_York_City_New_York.html,RCNYCHAR
San Carlos Hotel,San Carlos Hotel,/Hotel_Review-g60763-d80112-Reviews-San_Carlos_Hotel-New_York_City_New_York.html,UINYCSCH
Cambria hotel & suites New York - Chelsea,Cambria Hotel Ny Chelsea,/Hotel_Review-g60763-d7130807-Reviews-Cambria_hotel_suites_New_York_Chelsea-New_York_City_New_York.html,EZNYC537
The New York EDITION,The New York Edition,/Hotel_Review-g60763-d7787303-Reviews-The_New_York_EDITION-New_York_City_New_York.html,EBNYCEBE
Hyatt Centric Times Square New York,Hyatt Centric Times Square New York,/Hotel_Review-g60763-d4799063-Reviews-Hyatt_Centric_Times_Square_New_York-New_York_City_New_York.html,HYNYCTSQ
The NoMad Hotel,The Nomad Hotel,/Hotel_Review-g60763-d2643161-Reviews-The_NoMad_Hotel-New_York_City_New_York.html,WVNYC380
The Peninsula New York,The Peninsula New York,/Hotel_Review-g60763-d113311-Reviews-The_Peninsula_New_York-New_York_City_New_York.html,PNNYC772
Park South Hotel,Park South Hotel,/Hotel_Review-g60763-d225942-Reviews-Park_South_Hotel-New_York_City_New_York.html,YXNYCPSH
"Homewood Suites by Hilton New York/Midtown Manhattan Times Square-South, NY",Homewood New York Manhattan Times Square,/Hotel_Review-g60763-d5040757-Reviews-Homewood_Suites_by_Hilton_New_York_Midtown_Manhattan_Times_Square_South_NY-New_York_Cit.html,HGNYC454
Arlo NoMad,Arlo Nomad,/Hotel_Review-g60763-d10541730-Reviews-Arlo_NoMad-New_York_City_New_York.html,CKNYCTOM
Fitzpatrick Manhattan Hotel,Fitzpatrick Manhattan Hotel,/Hotel_Review-g60763-d113309-Reviews-Fitzpatrick_Manhattan_Hotel-New_York_City_New_York.html,YXNYCFMH
The Bernic Hotel,The Bernic Hotel,/Hotel_Review-g60763-d8776490-Reviews-The_Bernic_Hotel-New_York_City_New_York.html,WVNYC826
"Mandarin Oriental, New York",Mandarin Oriental New York,/Hotel_Review-g60763-d281071-Reviews-Mandarin_Oriental_New_York-New_York_City_New_York.html,MONYCMO1
Chelsea Pines Inn,Chelsea Pines Inn,/Hotel_Review-g60763-d122020-Reviews-Chelsea_Pines_Inn-New_York_City_New_York.html,YXJFK102
Hotel Pennsylvania New York,Hotel Pennsylvania,/Hotel_Review-g60763-d214197-Reviews-Hotel_Pennsylvania_New_York-New_York_City_New_York.html,YXNYCNHP
Hotel 31,Hotel 31,/Hotel_Review-g60763-d126257-Reviews-Hotel_31-New_York_City_New_York.html,YXNYC068
Royal Park Hotel,Royal Park Hotel And Hostel,/Hotel_Review-g60763-d1155229-Reviews-Royal_Park_Hotel-New_York_City_New_York.html,WVNYC624
Chelsea Savoy Hotel,Chelsea Savoy Hotel,/Hotel_Review-g60763-d112019-Reviews-Chelsea_Savoy_Hotel-New_York_City_New_York.html,WVNYC254
Seton Hotel,Seton Hotel,/Hotel_Review-g60763-d121991-Reviews-Seton_Hotel-New_York_City_New_York.html,YXNYCHSE
Comfort Inn Manhattan Bridge,Comfort Inn Manhattan Bridge,/Hotel_Review-g60763-d1383001-Reviews-Comfort_Inn_Manhattan_Bridge-New_York_City_New_York.html,CINYC355
Marrakech Hotel,Marrakech Hotel Nyc,/Hotel_Review-g60763-d113343-Reviews-Marrakech_Hotel-New_York_City_New_York.html,WVNYC619
Clarion Hotel Park Avenue,Clarion Hotel Park Avenue,/Hotel_Review-g60763-d224217-Reviews-Clarion_Hotel_Park_Avenue-New_York_City_New_York.html,CCNYC222
Amsterdam Court Hotel,Amsterdam Court,/Hotel_Review-g60763-d80075-Reviews-Amsterdam_Court_Hotel-New_York_City_New_York.html,YHNYCCOU
Midtown West Hotel,Manhattan West Hotel,/Hotel_Review-g60763-d6701149-Reviews-Midtown_West_Hotel-New_York_City_New_York.html,YXNYC303
Americana Inn,Americana Inn,/Hotel_Review-g60763-d121981-Reviews-Americana_Inn-New_York_City_New_York.html,YXNYCSLE
The Wall Street Inn,The Wall Street Inn,/Hotel_Review-g60763-d251906-Reviews-The_Wall_Street_Inn-New_York_City_New_York.html,SCNYC008
"Club Quarters Hotel, Wall Street","Club Quarters Hotel, Wall St",/Hotel_Review-g60763-d217623-Reviews-Club_Quarters_Hotel_Wall_Street-New_York_City_New_York.html,CQNYC684
Days Inn Hotel New York City-Broadway,Days Inn Hotel New York City-b,/Hotel_Review-g60763-d142114-Reviews-Days_Inn_Hotel_New_York_City_Broadway-New_York_City_New_York.html,DINYC486
New York Marriott Downtown,New York Marriott Downtown,/Hotel_Review-g60763-d93477-Reviews-New_York_Marriott_Downtown-New_York_City_New_York.html,MCNYCWSM
Comfort Inn Lower East Side,Comfort Inn Lower East Side,/Hotel_Review-g60763-d5888246-Reviews-Comfort_Inn_Lower_East_Side-New_York_City_New_York.html,CINYC551
Wolcott Hotel,Hotel Wolcott,/Hotel_Review-g60763-d93333-Reviews-Wolcott_Hotel-New_York_City_New_York.html,UZNYC448
Manhattan Broadway Hotel,Manhattan Broadway Hotel,/Hotel_Review-g60763-d122007-Reviews-Manhattan_Broadway_Hotel-New_York_City_New_York.html,WVNYC062
Holiday Inn New York City - Wall Street,Holiday Inn Nyc Wall Street,/Hotel_Review-g60763-d1234559-Reviews-Holiday_Inn_New_York_City_Wall_Street-New_York_City_New_York.html,HINYC596
DoubleTree by Hilton Hotel New York City - Financial District,Doubletree By Hilton Nyc Financial,/Hotel_Review-g60763-d1858923-Reviews-DoubleTree_by_Hilton_Hotel_New_York_City_Financial_District-New_York_City_New_York.html,DTNYC917
Aloft Harlem,Aloft Harlem,/Hotel_Review-g60763-d1878946-Reviews-Aloft_Harlem-New_York_City_New_York.html,ALNYC353
Orchard Street Hotel,Orchard Street Hotel,/Hotel_Review-g60763-d7939016-Reviews-Orchard_Street_Hotel-New_York_City_New_York.html,WVNYC109
Hudson River Hotel,Hudson River Hotel,/Hotel_Review-g60763-d596200-Reviews-Hudson_River_Hotel-New_York_City_New_York.html,GDNYCHRH
The Franklin,The Franklin Hotel,/Hotel_Review-g60763-d93575-Reviews-The_Franklin-New_York_City_New_York.html,XTNYCFRA
Best Western Bowery Hanbee Hotel,Best Western Bowery Hanbee Htl,/Hotel_Review-g60763-d1060157-Reviews-Best_Western_Bowery_Hanbee_Hotel-New_York_City_New_York.html,BWNYC133
Holiday Inn Express New York City-Wall Street,Holiday Inn Exp Nyc Wall St,/Hotel_Review-g60763-d1465008-Reviews-Holiday_Inn_Express_New_York_City_Wall_Street-New_York_City_New_York.html,HINYC9C1
The Gatsby Hotel,"Gatsby Hotel, An Ascend Hotel Collection",/Hotel_Review-g60763-d247814-Reviews-The_Gatsby_Hotel-New_York_City_New_York.html,NZNYC425
Courtyard New York Downtown Manhattan / World Trade Center Area,Courtyard Wtc Area Marriott,/Hotel_Review-g60763-d9761545-Reviews-Courtyard_New_York_Downtown_Manhattan_World_Trade_Center_Area-New_York_City_New_York.html,CYNYCXMC
Dylan Hotel NYC,Dylan Hotel,/Hotel_Review-g60763-d217622-Reviews-Dylan_Hotel_NYC-New_York_City_New_York.html,PWNYCDYL
Eurostars Wall Street,Eurostars Wall Street,/Hotel_Review-g60763-d1164645-Reviews-Eurostars_Wall_Street-New_York_City_New_York.html,LEJFK129
The Frederick Hotel,Cosmopolitan Now The Frederick,/Hotel_Review-g60763-d93351-Reviews-The_Frederick_Hotel-New_York_City_New_York.html,BTNYC7A3
Aloft Manhattan Downtown Financial District,Aloft Manhattan Downtown Financial Dist,/Hotel_Review-g60763-d7605857-Reviews-Aloft_Manhattan_Downtown_Financial_District-New_York_City_New_York.html,ALNYC647
Millennium Hilton New York Downtown,Millennium Hilton New York Downtown,/Hotel_Review-g60763-d262330-Reviews-Millennium_Hilton_New_York_Downtown-New_York_City_New_York.html,HHNYC402
Hampton Inn Manhattan-Seaport-Financial District,Hampton Inn Manhattan Seaport,/Hotel_Review-g60763-d277882-Reviews-Hampton_Inn_Manhattan_Seaport_Financial_District-New_York_City_New_York.html,HXNYC320
Residence Inn New York Downtown Manhattan/World Trade Center Area,Residence Inn Downtwn Marriott,/Hotel_Review-g60763-d7182804-Reviews-Residence_Inn_New_York_Downtown_Manhattan_World_Trade_Center_Area-New_York_City_New_Yor.html,RCNYCRLR
Hotel Mulberry,Hotel Mulberry,/Hotel_Review-g60763-d1791248-Reviews-Hotel_Mulberry-New_York_City_New_York.html,YXNYC633
Four Points by Sheraton New York Downtown,Four Points New York Downtown,/Hotel_Review-g60763-d7595213-Reviews-Four_Points_by_Sheraton_New_York_Downtown-New_York_City_New_York.html,SINYC642
World Center Hotel,World Center Hotel,/Hotel_Review-g60763-d1553789-Reviews-World_Center_Hotel-New_York_City_New_York.html,YXNYCWCH
Fairfield Inn New York Manhattan/Financial District,Fairfield Inn Financl Marriott,/Hotel_Review-g60763-d6877735-Reviews-Fairfield_Inn_New_York_Manhattan_Financial_District-New_York_City_New_York.html,FNNYCLMF
Sheraton Tribeca New York Hotel,Sheraton Tribeca New York Htl,/Hotel_Review-g60763-d1783324-Reviews-Sheraton_Tribeca_New_York_Hotel-New_York_City_New_York.html,SINYC052
NOMO SOHO Hotel,Nomo Soho Lifestyle,/Hotel_Review-g60763-d1786395-Reviews-NOMO_SOHO_Hotel-New_York_City_New_York.html,PHNYCNMS
Soho Grand Hotel,Soho Grand Hotel,/Hotel_Review-g60763-d93561-Reviews-Soho_Grand_Hotel-New_York_City_New_York.html,GGNYCSGH
The James New York - SoHo,The James New York Soho,/Hotel_Review-g60763-d1785018-Reviews-The_James_New_York_SoHo-New_York_City_New_York.html,NYNYCTJA
Sohotel,The Sohotel,/Hotel_Review-g60763-d292140-Reviews-Sohotel-New_York_City_New_York.html,YXNYCH06
Arlo SoHo,Arlo Soho,/Hotel_Review-g60763-d7891458-Reviews-Arlo_SoHo-New_York_City_New_York.html,CKNYCTHS
Hampton Inn Manhattan / Downtown - Financial District,Hampton Inn Manhattan-downtown-financial,/Hotel_Review-g60763-d3580899-Reviews-Hampton_Inn_Manhattan_Downtown_Financial_District-New_York_City_New_York.html,HXNYC432
Hilton Garden Inn NYC Financial Center/Manhattan Downtown,Hilton Grdn Inn Financial Ctr Manhattan,/Hotel_Review-g60763-d12297961-Reviews-Hilton_Garden_Inn_NYC_Financial_Center_Manhattan_Downtown-New_York_City_New_York.html,GINYC774
"The Ritz-Carlton New York, Battery Park",The Ritz-carlton Battery Park,/Hotel_Review-g60763-d222959-Reviews-The_Ritz_Carlton_New_York_Battery_Park-New_York_City_New_York.html,RZNYCRDZ
Doubletree Hotel Metropolitan - New York City,Dbltree Metropolitan Nyc,/Hotel_Review-g60763-d93466-Reviews-Doubletree_Hotel_Metropolitan_New_York_City-New_York_City_New_York.html,DTNYC601
Grand Hyatt New York,Grand Hyatt New York,/Hotel_Review-g60763-d93450-Reviews-Grand_Hyatt_New_York-New_York_City_New_York.html,HYNYCHNY
Wellington Hotel,Wellington Hotel,/Hotel_Review-g60763-d99307-Reviews-Wellington_Hotel-New_York_City_New_York.html,YXNYCWEL
NYLO New York City,Nylo New York City,/Hotel_Review-g60763-d99288-Reviews-NYLO_New_York_City-New_York_City_New_York.html,XTNYC178
The New Yorker A Wyndham Hotel,The New Yorker A Wyndham Hotel,/Hotel_Review-g60763-d122005-Reviews-The_New_Yorker_A_Wyndham_Hotel-New_York_City_New_York.html,WYNYC542
Pod 51 Hotel,Pod 51 Hotel,/Hotel_Review-g60763-d93358-Reviews-Pod_51_Hotel-New_York_City_New_York.html,OKNYCP51
Hilton Garden Inn Times Square,Hilton Garden Inn Times Square,/Hotel_Review-g60763-d99352-Reviews-Hilton_Garden_Inn_Times_Square-New_York_City_New_York.html,GINYC790
New York Hilton Midtown,New York Hilton Midtown,/Hotel_Review-g60763-d611947-Reviews-New_York_Hilton_Midtown-New_York_City_New_York.html,HHNYC507
Hotel Beacon,Hotel Beacon,/Hotel_Review-g60763-d93338-Reviews-Hotel_Beacon-New_York_City_New_York.html,YXNYC222
Hilton New York Grand Central,Hilton New York Grand Central,/Hotel_Review-g60763-d93339-Reviews-Hilton_New_York_Grand_Central-New_York_City_New_York.html,HHNYC986
The Time New York,The Time New York,/Hotel_Review-g60763-d112062-Reviews-The_Time_New_York-New_York_City_New_York.html,DZNYCTHN
The London NYC,The London Nyc,/Hotel_Review-g60763-d630409-Reviews-The_London_NYC-New_York_City_New_York.html,CNNYC151
Dream Downtown,Dream Downtown,/Hotel_Review-g60763-d2173604-Reviews-Dream_Downtown-New_York_City_New_York.html,DZNYCDDT
Millennium Hilton New York One UN Plaza,Millennium Hilton New York One Un Plaza,/Hotel_Review-g60763-d209382-Reviews-Millennium_Hilton_New_York_One_UN_Plaza-New_York_City_New_York.html,HHNYCHUN
JW Marriott Essex House New York,Jw Marriott Essex House,/Hotel_Review-g60763-d455186-Reviews-JW_Marriott_Essex_House_New_York-New_York_City_New_York.html,MCNYCEXM
The Jewel facing Rockefeller Center,The Jewel Hotel,/Hotel_Review-g60763-d1913413-Reviews-The_Jewel_facing_Rockefeller_Center-New_York_City_New_York.html,YXNYCJNY
Hotel Mela,Hotel Mela,/Hotel_Review-g60763-d612263-Reviews-Hotel_Mela-New_York_City_New_York.html,XTNYC088
Distrikt Hotel New York City,Distrikt Hotel Nyc - Times Squ,/Hotel_Review-g60763-d1503474-Reviews-Distrikt_Hotel_New_York_City-New_York_City_New_York.html,PWNYC424
La Quinta Inn & Suites Brooklyn East,La Quinta Inn Ste Brooklyn East,/Hotel_Review-g60827-d8595091-Reviews-La_Quinta_Inn_Suites_Brooklyn_East-Brooklyn_New_York.html,LQNYC571
Comfort Inn Staten Island,Comfort Inn Staten Island,/Hotel_Review-g48682-d1204391-Reviews-Comfort_Inn_Staten_Island-Staten_Island_New_York.html,CIEWR470
Best Western JFK Airport Hotel,Best Western Jfk Airport Hotel,/Hotel_Review-g47962-d268513-Reviews-Best_Western_JFK_Airport_Hotel-Jamaica_Queens_New_York.html,BWJFK119
Marco LaGuardia Hotel by Lexington,Marco Laguardia Lexington,/Hotel_Review-g47729-d601474-Reviews-Marco_LaGuardia_Hotel_by_Lexington-Flushing_Queens_New_York.html,YXLGA432
The William Vale,The William Vale,/Hotel_Review-g60827-d8738248-Reviews-The_William_Vale-Brooklyn_New_York.html,YXNYCWVH
LaGuardia Plaza Hotel - New York,Laguardia Plaza Hotel,/Hotel_Review-g47626-d93644-Reviews-LaGuardia_Plaza_Hotel_New_York-East_Elmhurst_Queens_New_York.html,WWLGAE65
Days Inn Brooklyn Borough Park,Days Inn Marine Park,/Hotel_Review-g60827-d12579252-Reviews-Days_Inn_Brooklyn_Borough_Park-Brooklyn_New_York.html,DINYC986
Hilton Brooklyn New York,Hilton Brooklyn New York,/Hotel_Review-g60827-d10184216-Reviews-Hilton_Brooklyn_New_York-Brooklyn_New_York.html,HHNYC554
Crowne Plaza JFK Airport New York City,Crowne Plaza Jfk Airport Nyc,/Hotel_Review-g47962-d4786615-Reviews-Crowne_Plaza_JFK_Airport_New_York_City-Jamaica_Queens_New_York.html,CPNYC58E
Best Western Queens Court Hotel,Bw Queens Court Hotel,/Hotel_Review-g47729-d249780-Reviews-Best_Western_Queens_Court_Hotel-Flushing_Queens_New_York.html,BWNYC111
1 Hotel Brooklyn Bridge,1 Hotel Brooklyn Bridge,/Hotel_Review-g60827-d10421761-Reviews-1_Hotel_Brooklyn_Bridge-Brooklyn_New_York.html,BINYCHBB
Hilton Garden Inn Long Island City Queensboro Bridge,Hltn Grdn Inn Long Island City,/Hotel_Review-g48080-d7202189-Reviews-Hilton_Garden_Inn_Long_Island_City_Queensboro_Bridge-Long_Island_City_Queens_New_York.html,GIISP963
Comfort Inn,Comfort Inn Long Island City,/Hotel_Review-g48080-d281640-Reviews-Comfort_Inn-Long_Island_City_Queens_New_York.html,CILGA265
La Quinta Inn & Suites Brooklyn Central,La Quinta Inn Ste Brooklyn Central,/Hotel_Review-g60827-d12064061-Reviews-La_Quinta_Inn_Suites_Brooklyn_Central-Brooklyn_New_York.html,LQNYC570
Days inn Brooklyn Crown Heights,Days Inn Brooklyn Crown Height,/Hotel_Review-g60827-d12280686-Reviews-Days_inn_Brooklyn_Crown_Heights-Brooklyn_New_York.html,DIJFK196
Aloft Long Island City - Manhattan View,Aloft Long Island City,/Hotel_Review-g48080-d11642010-Reviews-Aloft_Long_Island_City_Manhattan_View-Long_Island_City_Queens_New_York.html,ALNYC940
Hotel de Point,Hotel De Point,/Hotel_Review-g47729-d2725750-Reviews-Hotel_de_Point-Flushing_Queens_New_York.html,SCNYC565
Howard Johnson Long Island City,Howard Johnson Long Island Cit,/Hotel_Review-g48080-d7106532-Reviews-Howard_Johnson_Long_Island_City-Long_Island_City_Queens_New_York.html,HJLGA294
New York Marriott at the Brooklyn Bridge,Marriott At Brooklyn Bridge,/Hotel_Review-g60827-d99466-Reviews-New_York_Marriott_at_the_Brooklyn_Bridge-Brooklyn_New_York.html,MCLGABKM
New York LaGuardia Airport Marriott,Laguardia Airport Marriott,/Hotel_Review-g47626-d93649-Reviews-New_York_LaGuardia_Airport_Marriott-East_Elmhurst_Queens_New_York.html,MCLGAAPM
Boro Hotel,The Boro Hotel,/Hotel_Review-g48080-d7792565-Reviews-Boro_Hotel-Long_Island_City_Queens_New_York.html,WVLGA177
Residence Inn By Marriott New York The Bronx at Metro Center Atrium,Residence Inn Bronx Marriott,/Hotel_Review-g47369-d7356250-Reviews-Residence_Inn_By_Marriott_New_York_The_Bronx_at_Metro_Center_Atrium-Bronx_New_York.html,RCNYCBXR
Holiday Inn New York JFK Airport Area,Holiday Inn Jfk Airport Area,/Hotel_Review-g47962-d4556188-Reviews-Holiday_Inn_New_York_JFK_Airport_Area-Jamaica_Queens_New_York.html,HINYCEED
The Paper Factory Hotel,Paper Factory Hotel,/Hotel_Review-g48080-d5523553-Reviews-The_Paper_Factory_Hotel-Long_Island_City_Queens_New_York.html,WVLGA097
Hampton Inn & Suites Staten Island,Hampton Inn Ste Staten Island,/Hotel_Review-g48682-d674311-Reviews-Hampton_Inn_Suites_Staten_Island-Staten_Island_New_York.html,HXEWR112
Holiday Inn Express Queens - Maspeth,Holiday Inn Express Maspeth,/Hotel_Review-g48127-d675089-Reviews-Holiday_Inn_Express_Queens_Maspeth-Maspeth_Queens_New_York.html,HIJFK816
Best Western Plus La Guardia Airport Hotel Queens,Best Western Plus Laguardia Airport,/Hotel_Review-g47542-d8449731-Reviews-Best_Western_Plus_La_Guardia_Airport_Hotel_Queens-Corona_Queens_New_York.html,BWNYC160
Galaxy Motel,Galaxy Motel,/Hotel_Review-g60827-d548331-Reviews-Galaxy_Motel-Brooklyn_New_York.html,YXNYC020
EVEN Hotel Brooklyn,Even Hotel Brooklyn,/Hotel_Review-g60827-d10134568-Reviews-EVEN_Hotel_Brooklyn-Brooklyn_New_York.html,VNNYCF62
Holiday Inn Express Staten Island West,Holiday Inn Exp Staten Islnd W,/Hotel_Review-g48682-d1212524-Reviews-Holiday_Inn_Express_Staten_Island_West-Staten_Island_New_York.html,HINYCC4E
Sleep Inn JFK Airport Rockaway Blvd,Sleep Inn Jfk Airport Rockaway Blvd,/Hotel_Review-g47962-d3225269-Reviews-Sleep_Inn_JFK_Airport_Rockaway_Blvd-Jamaica_Queens_New_York.html,SZJFK394
Extended Stay America - New York City - Laguardia Airport,Extended Stay America Lga Air,/Hotel_Review-g48887-d277897-Reviews-Extended_Stay_America_New_York_City_Laguardia_Airport-Whitestone_Queens_New_York.html,EALGA651
Fairfield Inn New York JFK Airport,Fairfield Inn Ny Jfk Marriott,/Hotel_Review-g47962-d238137-Reviews-Fairfield_Inn_New_York_JFK_Airport-Jamaica_Queens_New_York.html,FNJFKJJF
Four Points by Sheraton Long Island City Queensboro Bridge,Four Points Long Island City,/Hotel_Review-g48080-d1879003-Reviews-Four_Points_by_Sheraton_Long_Island_City_Queensboro_Bridge-Long_Island_City_Queens_New_.html,SINYC540
Holiday Inn Brooklyn Downtown,Holiday Inn Brooklyn Downtown,/Hotel_Review-g60827-d7789170-Reviews-Holiday_Inn_Brooklyn_Downtown-Brooklyn_New_York.html,HINYCB36
Howard Johnson Express Inn Bronx,Howard Johnson Express Inn Bro,/Hotel_Review-g47369-d286866-Reviews-Howard_Johnson_Express_Inn_Bronx-Bronx_New_York.html,HJLGA826
NU Hotel,Nu Hotel Brooklyn,/Hotel_Review-g60827-d1103707-Reviews-NU_Hotel-Brooklyn_New_York.html,XTNYC335
The Parc Hotel,The Parc Hotel,/Hotel_Review-g47729-d5544308-Reviews-The_Parc_Hotel-Flushing_Queens_New_York.html,YXNYCTPH
Ravel Hotel,Ravel Hotel,/Hotel_Review-g48080-d1026626-Reviews-Ravel_Hotel-Long_Island_City_Queens_New_York.html,YXLGA796
Hyatt Place Long Island City / New York City,Hyatt Place Long Island-new York City,/Hotel_Review-g48080-d12596548-Reviews-Hyatt_Place_Long_Island_City_New_York_City-Long_Island_City_Queens_New_York.html,HYLGAZL2
The One Boutique Hotel,The One Boutique Hotel,/Hotel_Review-g47729-d6548502-Reviews-The_One_Boutique_Hotel-Flushing_Queens_New_York.html,YXNYCTOB
Hotel RL by Red Lion Brooklyn,Hotel Rl By Red Lion Brooklyn,/Hotel_Review-g60827-d11726197-Reviews-Hotel_RL_by_Red_Lion_Brooklyn-Brooklyn_New_York.html,RLJFK964
Hampton Inn NY - JFK,Hampton Inn New York-jfk Arpt,/Hotel_Review-g47962-d224601-Reviews-Hampton_Inn_NY_JFK-Jamaica_Queens_New_York.html,HXNYC144
Best Western Plus Arena Hotel,Best Western Plus Arena Hotel,/Hotel_Review-g60827-d1762669-Reviews-Best_Western_Plus_Arena_Hotel-Brooklyn_New_York.html,BWJFK142
Hotel Le Jolie,Hotel Le Jolie,/Hotel_Review-g60827-d1007626-Reviews-Hotel_Le_Jolie-Brooklyn_New_York.html,WVLGAHLJ
Quality Inn Long Island City,Quality Inn Long Island City,/Hotel_Review-g48080-d671388-Reviews-Quality_Inn_Long_Island_City-Long_Island_City_Queens_New_York.html,QILGA400
Gowanus Inn and Yard,"Gowanus Inn And Yard, An Ascend Hotel Co",/Hotel_Review-g60827-d12221584-Reviews-Gowanus_Inn_and_Yard-Brooklyn_New_York.html,NZNYC569
Ramada Long Island City,Ramada Long Island City,/Hotel_Review-g48080-d1484593-Reviews-Ramada_Long_Island_City-Long_Island_City_Queens_New_York.html,RALGA433
Fairfield Inn New York Long Island City / Manhattan View,Fairfield Inn Li City Marriott,/Hotel_Review-g48080-d1027681-Reviews-Fairfield_Inn_New_York_Long_Island_City_Manhattan_View-Long_Island_City_Queens_New_York.html,FNNYCFQF
Ramada Staten Island,Ramada Staten Island,/Hotel_Review-g48682-d1819763-Reviews-Ramada_Staten_Island-Staten_Island_New_York.html,RANYC951
City View Inn,City View Inn,/Hotel_Review-g48080-d75617-Reviews-City_View_Inn-Long_Island_City_Queens_New_York.html,OKLGA069
Sleep Inn Brooklyn,Sleep Inn Brooklyn,/Hotel_Review-g60827-d1235523-Reviews-Sleep_Inn_Brooklyn-Brooklyn_New_York.html,SZLGA484
Best Western Jamaica Inn,Best Western Jamaica Inn,/Hotel_Review-g47962-d294811-Reviews-Best_Western_Jamaica_Inn-Jamaica_Queens_New_York.html,BWJFK141
Hilton Garden Inn New York/Staten Island,Hilton Garden Inn Staten Island,/Hotel_Review-g48682-d224599-Reviews-Hilton_Garden_Inn_New_York_Staten_Island-Staten_Island_New_York.html,GIEWR198
McCarren Hotel & Pool,Mccarren Hotel And Pool,/Hotel_Review-g60827-d2151848-Reviews-McCarren_Hotel_Pool-Brooklyn_New_York.html,YXNYCWIL
Rodeway Inn Bronx Zoo,Rodeway Inn Bronx Zoo,/Hotel_Review-g47369-d4447795-Reviews-Rodeway_Inn_Bronx_Zoo-Bronx_New_York.html,RYLGA324
Comfort Inn & Suites near Stadium,Comfort Inn And Suites Near Stadium,/Hotel_Review-g47369-d12441510-Reviews-Comfort_Inn_Suites_near_Stadium-Bronx_New_York.html,CINYC529
Ramada Bronx,Ramada Inn Bronx,/Hotel_Review-g47369-d99257-Reviews-Ramada_Bronx-Bronx_New_York.html,RANYC038
Quality Inn,Quality Inn,/Hotel_Review-g60827-d7772856-Reviews-Quality_Inn-Brooklyn_New_York.html,QINYC634
"The LOOK hotel, Red Hook, an Ascend Hotel Collection Member",The Look Hotel Red Hook An Ascend Hotel,/Hotel_Review-g60827-d2309186-Reviews-The_LOOK_hotel_Red_Hook_an_Ascend_Hotel_Collection_Member-Brooklyn_New_York.html,NZLGA507
Opera House Hotel,Opera House Hotel,/Hotel_Review-g47369-d4702280-Reviews-Opera_House_Hotel-Bronx_New_York.html,YXLGA107
La Quinta Inn & Suites Brooklyn Downtown,La Quinta Inn Ste Brooklyn Downtown,/Hotel_Review-g60827-d1657771-Reviews-La_Quinta_Inn_Suites_Brooklyn_Downtown-Brooklyn_New_York.html,LQNYC328
Super 8 Long Island City LGA Hotel,Super 8 Long Island City Lga H,/Hotel_Review-g48080-d248683-Reviews-Super_8_Long_Island_City_LGA_Hotel-Long_Island_City_Queens_New_York.html,OZLGA886
Days Inn Brooklyn,Days Inn Brooklyn,/Hotel_Review-g60827-d295340-Reviews-Days_Inn_Brooklyn-Brooklyn_New_York.html,DINYC759
Asiatic Hotel - Flushing,Asiatic Hotel Laguardia East,/Hotel_Review-g47729-d3411847-Reviews-Asiatic_Hotel_Flushing-Flushing_Queens_New_York.html,YXLGAAHL
Wythe Hotel,Wythe Hotel,/Hotel_Review-g60827-d2556148-Reviews-Wythe_Hotel-Brooklyn_New_York.html,WVNYCWYT
Best Western Queens Gold Coast,Best Western Queens Gold Coast,/Hotel_Review-g47289-d99254-Reviews-Best_Western_Queens_Gold_Coast-Bayside_Queens_New_York.html,BWNYC157
Comfort Inn LaGuardia Airport - 83rd St,Comfort Inn Laguardia Airport - 83rd St,/Hotel_Review-g47626-d1485917-Reviews-Comfort_Inn_LaGuardia_Airport_83rd_St-East_Elmhurst_Queens_New_York.html,CILGA392
Best Western Plus Brooklyn Bay Hotel,Best Western Plus Brooklyn Bay,/Hotel_Review-g60827-d636123-Reviews-Best_Western_Plus_Brooklyn_Bay_Hotel-Brooklyn_New_York.html,BWLGA131
Courtyard by Marriott New York JFK Airport,Courtyard Jfk Airport Marriott,/Hotel_Review-g47962-d224106-Reviews-Courtyard_by_Marriott_New_York_JFK_Airport-Jamaica_Queens_New_York.html,CYJFKJFC
Holiday Inn Express - Bronx NYC - Stadium Area,Holiday Inn Exp Bronx Stadium,/Hotel_Review-g47369-d12548946-Reviews-Holiday_Inn_Express_Bronx_NYC_Stadium_Area-Bronx_New_York.html,HINYCEDE
Brooklyn Motor Inn,Brooklyn Motor Inn,/Hotel_Review-g60827-d548322-Reviews-Brooklyn_Motor_Inn-Brooklyn_New_York.html,YXJFKBMI
Days Inn Jamaica - Jfk Airport,Days Inn Jamaica - Jfk Airport,/Hotel_Review-g47962-d574186-Reviews-Days_Inn_Jamaica_Jfk_Airport-Jamaica_Queens_New_York.html,DIJFK787
Radisson Hotel JFK Airport,Radisson Hotel Jfk Airport,/Hotel_Review-g47962-d225472-Reviews-Radisson_Hotel_JFK_Airport-Jamaica_Queens_New_York.html,RDNYC879
Ramada Flushing Queens,Ramada Flushing Queens,/Hotel_Review-g47729-d6563501-Reviews-Ramada_Flushing_Queens-Flushing_Queens_New_York.html,RALGA854
Hampton Inn Brooklyn/Downtown,Hampton Inn Brooklyn Downtown Ny,/Hotel_Review-g60827-d6542529-Reviews-Hampton_Inn_Brooklyn_Downtown-Brooklyn_New_York.html,HXNYC903
Hotel Le Bleu,Hotel Le Bleu,/Hotel_Review-g60827-d650459-Reviews-Hotel_Le_Bleu-Brooklyn_New_York.html,WVNYCBLE
BEST WESTERN Gregory Hotel,Best Western Gregory Hotel,/Hotel_Review-g60827-d99467-Reviews-BEST_WESTERN_Gregory_Hotel-Brooklyn_New_York.html,BWJFK124
Best Western Plaza Hotel,Best Western Plaza Hotel,/Hotel_Review-g48080-d1500326-Reviews-Best_Western_Plaza_Hotel-Long_Island_City_Queens_New_York.html,BWNYC143
The Williamsburg Hotel,The Williamsburg Hotel,/Hotel_Review-g60827-d10728525-Reviews-The_Williamsburg_Hotel-Brooklyn_New_York.html,YXNYCTWH
Hilton Garden Inn Queens / JFK Airport,Hilton Garden Inn Queens Jfk Ar,/Hotel_Review-g47962-d501354-Reviews-Hilton_Garden_Inn_Queens_JFK_Airport-Jamaica_Queens_New_York.html,GIJFK321
Wyndham Garden Fresh Meadows Flushing,Wyndham Garden Fresh Meadows F,/Hotel_Review-g616325-d12165292-Reviews-Wyndham_Garden_Fresh_Meadows_Flushing-Queens_New_York.html,WYLGA998
Aloft New York LaGuardia Airport,Aloft New York Laguardia,/Hotel_Review-g47626-d12246206-Reviews-Aloft_New_York_LaGuardia_Airport-East_Elmhurst_Queens_New_York.html,ALLGA121
Wyndham Garden Laguardia South,Wyndham Garden Laguardia South,/Hotel_Review-g48477-d10333880-Reviews-Wyndham_Garden_Laguardia_South-Rego_Park_Queens_New_York.html,WYLGA087
Holiday Inn Express Brooklyn,Holiday Inn Express Brooklyn,/Hotel_Review-g60827-d622721-Reviews-Holiday_Inn_Express_Brooklyn-Brooklyn_New_York.html,HIJFK47B
